<Ui xmlns="http://www.blizzard.com/wow/ui/" xmlns:xsi="http://www.w3.org/2001/XMLSchema-instance" xsi:schemaLocation="http://www.blizzard.com/wow/ui/
..\FrameXML\UI.xsd">

<Include file="lib\LibStub\LibStub.lua"/>
<Include file="lib\CallbackHandler-1.0\CallbackHandler-1.0.xml"/>
<Script file="lib\AceLibrary\AceLibrary.lua"/>
<Script file="lib\AceOO-2.0\AceOO-2.0.lua"/>
<Script file="lib\AceAddon-2.0\AceAddon-2.0.lua"/>
<Script file="lib\AceDB-2.0\AceDB-2.0.lua"/>
<Script file="lib\AceEvent-2.0\AceEvent-2.0.lua"/>
<Script file="lib\AceConsole-2.0\AceConsole-2.0.lua"/>
<Script file="lib\AceLocale-2.2\AceLocale-2.2.lua"/>
<Script file="lib\AceHook-2.1\AceHook-2.1.lua"/>
<Script file="lib\AceModuleCore-2.0\AceModuleCore-2.0.lua"/>
<Script file="lib\Deformat-2.0\Deformat-2.0.lua"/>
<Script file="lib\Tablet-2.0\Tablet-2.0.lua"/>
<Script file="lib\Dewdrop-2.0\Dewdrop-2.0.lua"/>
<Include file="lib\LibBabble-Class-3.0\lib.xml"/>
<Script file="lib\FuBarPlugin-2.0\FuBarPlugin-2.0.lua"/>
<Include file="lib\LibFriends-1.0\lib.xml"/>
<Include file="lib\LibGuild-1.0\lib.xml"/>
<Script file="lib\Roster-2.1\Roster-2.1.lua"/>

</Ui>
