﻿<?xml version="1.0" encoding="utf-8"?>
<Ui xmlns:xsi="http://www.w3.org/2001/XMLSchema-instance" xmlns="http://www.blizzard.com/wow/ui/" xsi:schemaLocation="http://www.blizzard.com/wow/ui/
..\FrameXML\UI.xsd">

<Include file="RecipeDB\ARL-Alchemy.lua"/>
<Include file="RecipeDB\ARL-BeastTrain.lua"/>
<Include file="RecipeDB\ARL-BlackSmith.lua"/>
<Include file="RecipeDB\ARL-Cook.lua"/>
<Include file="RecipeDB\ARL-Enchant.lua"/>
<Include file="RecipeDB\ARL-Engineer.lua"/>
<Include file="RecipeDB\ARL-FirstAid.lua"/>
<Include file="RecipeDB\ARL-Inscription.lua"/>
<Include file="RecipeDB\ARL-Jewelcraft.lua"/>
<Include file="RecipeDB\ARL-LeatherWork.lua"/>
<Include file="RecipeDB\ARL-RoguePoison.lua"/>
<Include file="RecipeDB\ARL-RuneForge.lua"/>
<Include file="RecipeDB\ARL-Smelt.lua"/>
<Include file="RecipeDB\ARL-Tailor.lua"/>
<Include file="RecipeDB\ARL-Vendor.lua"/>

</Ui>